id,running,name,acct_name,announcement_date,week_before,week_after,followers_today,day_from_event,followers,follower_inc,pct_change_followers,video,watch
5,1, Kirsten Gillibrand, SenGillibrand ,16-Jan,9-Jan,23-Jan,"1,372,818",-7," 1,300,000 ",952,,0,0
5,1, Kirsten Gillibrand, SenGillibrand ,16-Jan,9-Jan,23-Jan,"1,372,819",-6," 1,310,000 ",823, 0.00 ,0,0
5,1, Kirsten Gillibrand, SenGillibrand ,16-Jan,9-Jan,23-Jan,"1,372,820",-5," 1,310,000 ",664, 0.00 ,0,0
5,1, Kirsten Gillibrand, SenGillibrand ,16-Jan,9-Jan,23-Jan,"1,372,821",-4," 1,310,000 ",727, 0.00 ,0,0
5,1, Kirsten Gillibrand, SenGillibrand ,16-Jan,9-Jan,23-Jan,"1,372,822",-3," 1,310,000 ",750, 0.00 ,0,0
5,1, Kirsten Gillibrand, SenGillibrand ,16-Jan,9-Jan,23-Jan,"1,372,823",-2," 1,310,000 ",810, 0.00 ,0,0
5,1, Kirsten Gillibrand, SenGillibrand ,16-Jan,9-Jan,23-Jan,"1,372,824",-1," 1,310,000 ",-137, (0.00),0,0
5,1, Kirsten Gillibrand, SenGillibrand ,16-Jan,9-Jan,23-Jan,"1,372,825",0," 1,320,000 ","6,640", 0.01 ,0,0
5,1, Kirsten Gillibrand, SenGillibrand ,16-Jan,9-Jan,23-Jan,"1,372,826",1," 1,320,000 ","4,680", 0.00 ,0,0
5,1, Kirsten Gillibrand, SenGillibrand ,16-Jan,9-Jan,23-Jan,"1,372,827",2," 1,320,000 ","2,500", 0.00 ,0,0
5,1, Kirsten Gillibrand, SenGillibrand ,16-Jan,9-Jan,23-Jan,"1,372,828",3," 1,320,000 ","1,370", 0.00 ,0,0
5,1, Kirsten Gillibrand, SenGillibrand ,16-Jan,9-Jan,23-Jan,"1,372,829",4," 1,330,000 ","2,150", 0.00 ,0,0
5,1, Kirsten Gillibrand, SenGillibrand ,16-Jan,9-Jan,23-Jan,"1,372,830",5," 1,330,000 ","1,950", 0.00 ,0,0
5,1, Kirsten Gillibrand, SenGillibrand ,16-Jan,9-Jan,23-Jan,"1,372,831",6," 1,330,000 ","2,110", 0.00 ,0,0
6,1, Kirsten Gillibrand, SenGillibrand ,16-Jan,9-Jan,23-Jan,"1,372,832",7," 1,330,000 ","1,710", 0.00 ,0,0
6,1, Amy Klobuchar, amyklobuchar ,10-Feb,3-Feb,17-Feb,"648,435",-7," 575,050 ",865,,0,0
6,1, Amy Klobuchar, amyklobuchar ,10-Feb,3-Feb,17-Feb,"648,436",-6," 575,800 ",753, 0.00 ,0,0
6,1, Amy Klobuchar, amyklobuchar ,10-Feb,3-Feb,17-Feb,"648,437",-5," 576,210 ",411, 0.00 ,0,0
6,1, Amy Klobuchar, amyklobuchar ,10-Feb,3-Feb,17-Feb,"648,438",-4," 578,830 ",2620, 0.00 ,0,0
6,1, Amy Klobuchar, amyklobuchar ,10-Feb,3-Feb,17-Feb,"648,439",-3," 581,780 ",2955, 0.01 ,0,0
6,1, Amy Klobuchar, amyklobuchar ,10-Feb,3-Feb,17-Feb,"648,440",-2," 583,090 "," 1,310 ", 0.00 ,0,0
6,1, Amy Klobuchar, amyklobuchar ,10-Feb,3-Feb,17-Feb,"648,441",-1," 584,400 "," 1,310 ", 0.00 ,0,0
6,1, Amy Klobuchar, amyklobuchar ,10-Feb,3-Feb,17-Feb,"648,442",0," 584,400 ",2613, 0.00 ,0,0
6,1, Amy Klobuchar, amyklobuchar ,10-Feb,3-Feb,17-Feb,"648,443",1," 598,700 ",14305, 0.02 ,0,0
6,1, Amy Klobuchar, amyklobuchar ,10-Feb,3-Feb,17-Feb,"648,444",2," 613,510 ",14808, 0.02 ,0,0
6,1, Amy Klobuchar, amyklobuchar ,10-Feb,3-Feb,17-Feb,"648,445",3," 618,580 ",5073, 0.01 ,0,0
6,1, Amy Klobuchar, amyklobuchar ,10-Feb,3-Feb,17-Feb,"648,446",4," 620,720 ",2135, 0.00 ,0,0
6,1, Amy Klobuchar, amyklobuchar ,10-Feb,3-Feb,17-Feb,"648,447",5," 622,400 ",1681, 0.00 ,0,0
6,1, Amy Klobuchar, amyklobuchar ,10-Feb,3-Feb,17-Feb,"648,448",6," 624,260 ",1857, 0.00 ,0,0
9,1, Amy Klobuchar, amyklobuchar ,10-Feb,3-Feb,17-Feb,"648,449",7," 625,660 ",1409, 0.00 ,0,0
9,1, Julián Castro, JulianCastro -,12-Jan,5-Jan,19-Jan,"182,698",-7," 136,960 ",160,,0,0
9,1, Julián Castro, JulianCastro ,12-Jan,5-Jan,19-Jan,"182,699",-6," 137,080 ",127, 0.00 ,0,0
9,1, Julián Castro, JulianCastro ,12-Jan,5-Jan,19-Jan,"182,700",-5," 137,440 ",353, 0.00 ,0,0
9,1, Julián Castro, JulianCastro ,12-Jan,5-Jan,19-Jan,"182,701",-4," 137,600 ",168, 0.00 ,0,0
9,1, Julián Castro, JulianCastro ,12-Jan,5-Jan,19-Jan,"182,702",-3," 137,780 ",174, 0.00 ,0,0
9,1, Julián Castro, JulianCastro ,12-Jan,5-Jan,19-Jan,"182,703",-2," 137,870 ",91, 0.00 ,0,0
9,1, Julián Castro, JulianCastro ,12-Jan,5-Jan,19-Jan,"182,704",-1," 137,940 ",70, 0.00 ,0,0
9,1, Julián Castro, JulianCastro ,12-Jan,5-Jan,19-Jan,"182,705",0," 138,110 ",169, 0.00 ,0,0
9,1, Julián Castro, JulianCastro ,12-Jan,5-Jan,19-Jan,"182,706",1," 158,780 ",20680, 0.15 ,0,0
9,1, Julián Castro, JulianCastro ,12-Jan,5-Jan,19-Jan,"182,707",2," 163,250 ",4470, 0.03 ,0,0
9,1, Julián Castro, JulianCastro ,12-Jan,5-Jan,19-Jan,"182,708",3," 164,800 ",1550, 0.01 ,0,0
9,1, Julián Castro, JulianCastro ,12-Jan,5-Jan,19-Jan,"182,709",4," 165,760 ",957, 0.01 ,0,0
9,1, Julián Castro, JulianCastro ,12-Jan,5-Jan,19-Jan,"182,710",5," 166,270 ",512, 0.00 ,0,0
9,1, Julián Castro, JulianCastro ,12-Jan,5-Jan,19-Jan,"182,711",6," 166,680 ",416, 0.00 ,0,0
11,1, Julián Castro, JulianCastro ,12-Jan,5-Jan,19-Jan,"182,712",7," 168,050 ",1370, 0.01 ,0,0
11,1, John Delaney, JohnDelaney ,7/28/2019,21-Jul,4-Aug,"15,456",-7," 10,680 ",6,,0,0
11,1, John Delaney, JohnDelaney ,7/28/2019,21-Jul,4-Aug,"15,457",-6," 10,680 ",2, 0.00 ,0,0
11,1, John Delaney, JohnDelaney ,7/28/2019,21-Jul,4-Aug,"15,458",-5," 10,680 ",0, -   ,0,0
11,1, John Delaney, JohnDelaney ,7/28/2019,21-Jul,4-Aug,"15,459",-4," 10,670 ",-6, (0.00),0,0
11,1, John Delaney, JohnDelaney ,7/28/2019,21-Jul,4-Aug,"15,460",-3," 10,670 ",1, 0.00 ,0,0
11,1, John Delaney, JohnDelaney ,7/28/2019,21-Jul,4-Aug,"15,461",-2," 10,680 ",8, 0.00 ,0,0
11,1, John Delaney, JohnDelaney ,7/28/2019,21-Jul,4-Aug,"15,462",-1," 10,680 ",-1, (0.00),0,0
11,1, John Delaney, JohnDelaney ,7/28/2019,21-Jul,4-Aug,"15,463",0," 10,680 ",-1, (0.00),0,0
11,1, John Delaney, JohnDelaney ,7/28/2019,21-Jul,4-Aug,"15,464",1," 10,690 ",15, 0.00 ,0,0
11,1, John Delaney, JohnDelaney ,7/28/2019,21-Jul,4-Aug,"15,465",2," 10,700 ",3, 0.00 ,0,0
11,1, John Delaney, JohnDelaney ,7/28/2019,21-Jul,4-Aug,"15,466",3," 10,700 ",-1, (0.00),0,0
11,1, John Delaney, JohnDelaney ,7/28/2019,21-Jul,4-Aug,"15,467",4," 10,690 ",-4, (0.00),0,0
11,1, John Delaney, JohnDelaney ,7/28/2019,21-Jul,4-Aug,"15,468",5," 10,690 ",2, 0.00 ,0,0
11,1, John Delaney, JohnDelaney ,7/28/2019,21-Jul,4-Aug,"15,469",6," 10,700 ",2, 0.00 ,0,0
14,1, John Delaney, JohnDelaney ,7/28/2019,21-Jul,4-Aug,"15,470",7," 10,700 ",7, 0.00 ,0,0
14,1, Marianne Williamson, marwilliamson ,11/15/2018,8-Nov,22-Nov,"2,602,827",-7," 2,610,000 ",-5030,,0,0
14,1, Marianne Williamson, marwilliamson ,11/15/2018,8-Nov,22-Nov,"2,602,828",-6," 2,610,000 ",-7780, (0.00),0,0
14,1, Marianne Williamson, marwilliamson ,11/15/2018,8-Nov,22-Nov,"2,602,829",-5," 2,600,000 ",-3490, (0.00),0,0
14,1, Marianne Williamson, marwilliamson ,11/15/2018,8-Nov,22-Nov,"2,602,830",-4," 2,600,000 ",-138, (0.00),0,0
14,1, Marianne Williamson, marwilliamson ,11/15/2018,8-Nov,22-Nov,"2,602,831",-3," 2,600,000 ",-46, (0.00),0,0
14,1, Marianne Williamson, marwilliamson ,11/15/2018,8-Nov,22-Nov,"2,602,832",-2," 2,600,000 ",-94, (0.00),0,0
14,1, Marianne Williamson, marwilliamson ,11/15/2018,8-Nov,22-Nov,"2,602,833",-1," 2,600,000 ",-902, (0.00),0,0
14,1, Marianne Williamson, marwilliamson ,11/15/2018,8-Nov,22-Nov,"2,602,834",0," 2,600,000 ",-333, (0.00),0,0
14,1, Marianne Williamson, marwilliamson ,11/15/2018,8-Nov,22-Nov,"2,602,835",1," 2,600,000 ",343, 0.00 ,0,0
14,1, Marianne Williamson, marwilliamson ,11/15/2018,8-Nov,22-Nov,"2,602,836",2," 2,600,000 ",-219, (0.00),0,0
14,1, Marianne Williamson, marwilliamson ,11/15/2018,8-Nov,22-Nov,"2,602,837",3," 2,600,000 ",109, 0.00 ,0,0
14,1, Marianne Williamson, marwilliamson ,11/15/2018,8-Nov,22-Nov,"2,602,838",4," 2,600,000 ",63, 0.00 ,0,0
14,1, Marianne Williamson, marwilliamson ,11/15/2018,8-Nov,22-Nov,"2,602,839",5," 2,600,000 ",-59, (0.00),0,0
14,1, Marianne Williamson, marwilliamson ,11/15/2018,8-Nov,22-Nov,"2,602,840",6," 2,600,000 ",69, 0.00 ,0,0
1,1, Marianne Williamson, marwilliamson ,11/15/2018,8-Nov,22-Nov,"2,602,841",7," 2,600,000 ",-1170, (0.00),0,0
1,1,Bernie Sanders, BernieSanders ,19-Feb,12-Feb,26-Feb,"9,120,038",-7," 8,990,000 ",678,,1,7390000
1,1,Bernie Sanders, BernieSanders ,19-Feb,12-Feb,26-Feb,"9,120,039",-6," 8,990,000 ",-2253, (0.00),1,7390000
1,1,Bernie Sanders, BernieSanders ,19-Feb,12-Feb,26-Feb,"9,120,040",-5," 8,990,000 ",1199, 0.00 ,1,7390000
1,1,Bernie Sanders, BernieSanders ,19-Feb,12-Feb,26-Feb,"9,120,041",-4," 8,990,000 ",1544, 0.00 ,1,7390000
1,1,Bernie Sanders, BernieSanders ,19-Feb,12-Feb,26-Feb,"9,120,042",-3," 8,990,000 ",2340, 0.00 ,1,7390000
1,1,Bernie Sanders, BernieSanders ,19-Feb,12-Feb,26-Feb,"9,120,043",-2," 9,000,000 ",1638, 0.00 ,1,7390000
1,1,Bernie Sanders, BernieSanders ,19-Feb,12-Feb,26-Feb,"9,120,044",-1," 9,000,000 ",1395, 0.00 ,1,7390000
1,1,Bernie Sanders, BernieSanders ,19-Feb,12-Feb,26-Feb,"9,120,045",0," 9,000,000 ",1038, 0.00 ,1,7390000
1,1,Bernie Sanders, BernieSanders ,19-Feb,12-Feb,26-Feb,"9,120,046",1," 9,030,000 ",31877, 0.00 ,1,7390000
1,1,Bernie Sanders, BernieSanders ,19-Feb,12-Feb,26-Feb,"9,120,047",2," 9,050,000 ",18396, 0.00 ,1,7390000
1,1,Bernie Sanders, BernieSanders ,19-Feb,12-Feb,26-Feb,"9,120,048",3," 9,060,000 ",9782, 0.00 ,1,7390000
1,1,Bernie Sanders, BernieSanders ,19-Feb,12-Feb,26-Feb,"9,120,049",4," 9,060,000 ",5939, 0.00 ,1,7390000
1,1,Bernie Sanders, BernieSanders ,19-Feb,12-Feb,26-Feb,"9,120,050",5," 9,070,000 ",5081, 0.00 ,1,7390000
1,1,Bernie Sanders, BernieSanders ,19-Feb,12-Feb,26-Feb,"9,120,051",6," 9,070,000 ",4184, 0.00 ,1,7390000
2,1,Bernie Sanders, BernieSanders ,19-Feb,12-Feb,26-Feb,"9,120,052",7," 9,080,000 ",5545, 0.00 ,1,7390000
2,1, Elizabeth Warren, ewarren ,31-Dec,24-Dec,7-Jan,"2,273,644",-7," 2,140,000 ",418,,1,3830000
2,1, Elizabeth Warren, ewarren ,31-Dec,24-Dec,7-Jan,"2,273,645",-6," 2,140,000 ",387, 0.00 ,1,3830000
2,1, Elizabeth Warren, ewarren ,31-Dec,24-Dec,7-Jan,"2,273,646",-5," 2,140,000 ",293, 0.00 ,1,3830000
2,1, Elizabeth Warren, ewarren ,31-Dec,24-Dec,7-Jan,"2,273,647",-4," 2,140,000 ",254, 0.00 ,1,3830000
2,1, Elizabeth Warren, ewarren ,31-Dec,24-Dec,7-Jan,"2,273,648",-3," 2,140,000 ",247, 0.00 ,1,3830000
2,1, Elizabeth Warren, ewarren ,31-Dec,24-Dec,7-Jan,"2,273,649",-2," 2,140,000 ",396, 0.00 ,1,3830000
2,1, Elizabeth Warren, ewarren ,31-Dec,24-Dec,7-Jan,"2,273,650",-1," 2,140,000 ",426, 0.00 ,1,3830000
2,1, Elizabeth Warren, ewarren ,31-Dec,24-Dec,7-Jan,"2,273,651",0," 2,140,000 ",493, 0.00 ,1,3830000
2,1, Elizabeth Warren, ewarren ,31-Dec,24-Dec,7-Jan,"2,273,652",1," 2,160,000 ",13170, 0.01 ,1,3830000
2,1, Elizabeth Warren, ewarren ,31-Dec,24-Dec,7-Jan,"2,273,653",2," 2,160,000 ",5900, 0.00 ,1,3830000
2,1, Elizabeth Warren, ewarren ,31-Dec,24-Dec,7-Jan,"2,273,654",3," 2,170,000 ",6020, 0.00 ,1,3830000
2,1, Elizabeth Warren, ewarren ,31-Dec,24-Dec,7-Jan,"2,273,655",4," 2,170,000 ",5620, 0.00 ,1,3830000
2,1, Elizabeth Warren, ewarren ,31-Dec,24-Dec,7-Jan,"2,273,656",5," 2,180,000 ",4700, 0.00 ,1,3830000
2,1, Elizabeth Warren, ewarren ,31-Dec,24-Dec,7-Jan,"2,273,657",6," 2,190,000 ",4430, 0.00 ,1,3830000
3,1, Elizabeth Warren, ewarren ,31-Dec,24-Dec,7-Jan,"2,273,658",7," 2,190,000 ",3780, 0.00 ,1,3830000
3,1, Kamala Harris, KamalaHarris ,21-Jan,14-Jan,28-Jan,"2,431,775",-7," 2,040,000 ",3970,,1,4310000
3,1, Kamala Harris, KamalaHarris ,21-Jan,14-Jan,28-Jan,"2,431,776",-6," 2,040,000 ",2210, 0.00 ,1,4310000
3,1, Kamala Harris, KamalaHarris ,21-Jan,14-Jan,28-Jan,"2,431,777",-5," 2,050,000 ",4280, 0.00 ,1,4310000
3,1, Kamala Harris, KamalaHarris ,21-Jan,14-Jan,28-Jan,"2,431,778",-4," 2,050,000 ",3380, 0.00 ,1,4310000
3,1, Kamala Harris, KamalaHarris ,21-Jan,14-Jan,28-Jan,"2,431,779",-3," 2,050,000 ",3220, 0.00 ,1,4310000
3,1, Kamala Harris, KamalaHarris ,21-Jan,14-Jan,28-Jan,"2,431,780",-2," 2,060,000 ",3110, 0.00 ,1,4310000
3,1, Kamala Harris, KamalaHarris ,21-Jan,14-Jan,28-Jan,"2,431,781",-1," 2,060,000 ",2730, 0.00 ,1,4310000
3,1, Kamala Harris, KamalaHarris ,21-Jan,14-Jan,28-Jan,"2,431,782",0," 2,060,000 ",2720, 0.00 ,1,4310000
3,1, Kamala Harris, KamalaHarris ,21-Jan,14-Jan,28-Jan,"2,431,783",1," 2,130,000 ",67320, 0.03 ,1,4310000
3,1, Kamala Harris, KamalaHarris ,21-Jan,14-Jan,28-Jan,"2,431,784",2," 2,150,000 ",21530, 0.01 ,1,4310000
3,1, Kamala Harris, KamalaHarris ,21-Jan,14-Jan,28-Jan,"2,431,785",3," 2,160,000 ",10330, 0.00 ,1,4310000
3,1, Kamala Harris, KamalaHarris ,21-Jan,14-Jan,28-Jan,"2,431,786",4," 2,170,000 ",8200, 0.00 ,1,4310000
3,1, Kamala Harris, KamalaHarris ,21-Jan,14-Jan,28-Jan,"2,431,787",5," 2,180,000 ",5900, 0.00 ,1,4310000
3,1, Kamala Harris, KamalaHarris ,21-Jan,14-Jan,28-Jan,"2,431,788",6," 2,180,000 ",5800, 0.00 ,1,4310000
4,1, Kamala Harris, KamalaHarris ,21-Jan,14-Jan,28-Jan,"2,431,789",7," 220,000 ",17850, 0.01 ,1,4310000
4,1, Cory Booker, CoryBooker ,1-Feb,25-Jan,8-Feb,"4,201,807",-7," 4,100,000 ",599,,1,4110000
4,1, Cory Booker, CoryBooker ,1-Feb,25-Jan,8-Feb,"4,201,808",-6," 4,100,000 ",570, 0.00 ,1,4110000
4,1, Cory Booker, CoryBooker ,1-Feb,25-Jan,8-Feb,"4,201,809",-5," 4,100,000 ",561, 0.00 ,1,4110000
4,1, Cory Booker, CoryBooker ,1-Feb,25-Jan,8-Feb,"4,201,810",-4," 4,100,000 ",624, 0.00 ,1,4110000
4,1, Cory Booker, CoryBooker ,1-Feb,25-Jan,8-Feb,"4,201,811",-3," 4,100,000 ",588, 0.00 ,1,4110000
4,1, Cory Booker, CoryBooker ,1-Feb,25-Jan,8-Feb,"4,201,812",-2," 4,100,000 ",-171, (0.00),1,4110000
4,1, Cory Booker, CoryBooker ,1-Feb,25-Jan,8-Feb,"4,201,813",-1," 4,100,000 ",451, 0.00 ,1,4110000
4,1, Cory Booker, CoryBooker ,1-Feb,25-Jan,8-Feb,"4,201,814",0," 4,100,000 ",-8, (0.00),1,4110000
4,1, Cory Booker, CoryBooker ,1-Feb,25-Jan,8-Feb,"4,201,815",1," 4,140,000 ",35850, 0.01 ,1,4110000
4,1, Cory Booker, CoryBooker ,1-Feb,25-Jan,8-Feb,"4,201,816",2," 4,150,000 ",8020, 0.00 ,1,4110000
4,1, Cory Booker, CoryBooker ,1-Feb,25-Jan,8-Feb,"4,201,817",3," 4,150,000 ",2570, 0.00 ,1,4110000
4,1, Cory Booker, CoryBooker ,1-Feb,25-Jan,8-Feb,"4,201,818",4," 4,150,000 ",1490, 0.00 ,1,4110000
4,1, Cory Booker, CoryBooker ,1-Feb,25-Jan,8-Feb,"4,201,819",5," 4,150,000 ",2870, 0.00 ,1,4110000
4,1, Cory Booker, CoryBooker ,1-Feb,25-Jan,8-Feb,"4,201,820",6," 4,160,000 ",2180, 0.00 ,1,4110000
7,1, Cory Booker, CoryBooker ,1-Feb,25-Jan,8-Feb,"4,201,821",7," 4,160,000 ", -   , -   ,1,4110000
7,1, Jay Inslee, JayInslee ,1-Mar,22-Feb,8-Mar,"38,119",-7," 26,660 ",35,,1,206000
7,1, Jay Inslee, JayInslee ,1-Mar,22-Feb,8-Mar,"38,120",-6," 26,690 ",31, 0.00 ,1,206000
7,1, Jay Inslee, JayInslee ,1-Mar,22-Feb,8-Mar,"38,121",-5," 26,730 ",37, 0.00 ,1,206000
7,1, Jay Inslee, JayInslee ,1-Mar,22-Feb,8-Mar,"38,122",-4," 26,770 ",42, 0.00 ,1,206000
7,1, Jay Inslee, JayInslee ,1-Mar,22-Feb,8-Mar,"38,123",-3," 26,850 ",76, 0.00 ,1,206000
7,1, Jay Inslee, JayInslee ,1-Mar,22-Feb,8-Mar,"38,124",-2," 26,850 ",93, 0.00 ,1,206000
7,1, Jay Inslee, JayInslee ,1-Mar,22-Feb,8-Mar,"38,125",-1," 26,940 ",2451, 0.09 ,1,206000
7,1, Jay Inslee, JayInslee ,1-Mar,22-Feb,8-Mar,"38,126",0," 29,390 ",2092, 0.08 ,1,206000
7,1, Jay Inslee, JayInslee ,1-Mar,22-Feb,8-Mar,"38,127",1," 31,480 ",992, 0.03 ,1,206000
7,1, Jay Inslee, JayInslee ,1-Mar,22-Feb,8-Mar,"38,128",2," 32,480 ",722, 0.02 ,1,206000
7,1, Jay Inslee, JayInslee ,1-Mar,22-Feb,8-Mar,"38,129",3," 33,200 ",2279, 0.07 ,1,206000
7,1, Jay Inslee, JayInslee ,1-Mar,22-Feb,8-Mar,"38,130",4," 35,480 ",1287, 0.04 ,1,206000
7,1, Jay Inslee, JayInslee ,1-Mar,22-Feb,8-Mar,"38,131",5," 36,760 ",691, 0.02 ,1,206000
7,1, Jay Inslee, JayInslee ,1-Mar,22-Feb,8-Mar,"38,132",6," 37,450 ",482, 0.01 ,1,206000
8,1, Jay Inslee, JayInslee ,1-Mar,22-Feb,8-Mar,"38,133",7," 37,940 ",137, 0.00 ,1,206000
8,1, John Hickenlooper, Hickenlooper ,5-Mar,26-Feb,12-Mar,"134,734",-7," 128,270 ",39,,1,226000
8,1, John Hickenlooper, Hickenlooper ,5-Mar,26-Feb,12-Mar,"134,735",-6," 128,310 ",34, 0.00 ,1,226000
8,1, John Hickenlooper, Hickenlooper ,5-Mar,26-Feb,12-Mar,"134,736",-5," 128,330 ",20, 0.00 ,1,226000
8,1, John Hickenlooper, Hickenlooper ,5-Mar,26-Feb,12-Mar,"134,737",-4," 128,390 ",62, 0.00 ,1,226000
8,1, John Hickenlooper, Hickenlooper ,5-Mar,26-Feb,12-Mar,"134,738",-3," 128,560 ",168, 0.00 ,1,226000
8,1, John Hickenlooper, Hickenlooper ,5-Mar,26-Feb,12-Mar,"134,739",-2," 128,630 ",76, 0.00 ,1,226000
8,1, John Hickenlooper, Hickenlooper ,5-Mar,26-Feb,12-Mar,"134,740",-1," 128,710 ",74, 0.00 ,1,226000
8,1, John Hickenlooper, Hickenlooper ,5-Mar,26-Feb,12-Mar,"134,741",0," 132,210 ",3499, 0.03 ,1,226000
8,1, John Hickenlooper, Hickenlooper ,5-Mar,26-Feb,12-Mar,"134,742",1," 132,960 ",755, 0.01 ,1,226000
8,1, John Hickenlooper, Hickenlooper ,5-Mar,26-Feb,12-Mar,"134,743",2," 133,510 ",548, 0.00 ,1,226000
8,1, John Hickenlooper, Hickenlooper ,5-Mar,26-Feb,12-Mar,"134,744",3," 133,970 ",461, 0.00 ,1,226000
8,1, John Hickenlooper, Hickenlooper ,5-Mar,26-Feb,12-Mar,"134,745",4," 134,510 ",536, 0.00 ,1,226000
8,1, John Hickenlooper, Hickenlooper ,5-Mar,26-Feb,12-Mar,"134,746",5," 134,900 ",393, 0.00 ,1,226000
8,1, John Hickenlooper, Hickenlooper ,5-Mar,26-Feb,12-Mar,"134,747",6," 135,370 ", 470 , 0.00 ,1,226000
10,1, John Hickenlooper, Hickenlooper ,5-Mar,26-Feb,12-Mar,"134,748",7," 135,370 ", -   , -   ,1,226000
10,1, Tulsi Gabbard, TulsiGabbard ,3-Feb,27-Jan,10-Feb,"297,081",-7," 248,310 ",619,,1,141000
10,1, Tulsi Gabbard, TulsiGabbard ,3-Feb,27-Jan,10-Feb,"297,082",-6," 248,980 ",678, 0.00 ,1,141000
10,1, Tulsi Gabbard, TulsiGabbard ,3-Feb,27-Jan,10-Feb,"297,083",-5," 250,280 ",1290, 0.01 ,1,141000
10,1, Tulsi Gabbard, TulsiGabbard ,3-Feb,27-Jan,10-Feb,"297,084",-4," 251,130 ",857, 0.00 ,1,141000
10,1, Tulsi Gabbard, TulsiGabbard ,3-Feb,27-Jan,10-Feb,"297,085",-3," 251,680 ",493, 0.00 ,1,141000
10,1, Tulsi Gabbard, TulsiGabbard ,3-Feb,27-Jan,10-Feb,"297,086",-2," 252,170 ",441, 0.00 ,1,141000
10,1, Tulsi Gabbard, TulsiGabbard ,3-Feb,27-Jan,10-Feb,"297,087",-1," 252,610 ",1100, 0.00 ,1,141000
10,1, Tulsi Gabbard, TulsiGabbard ,3-Feb,27-Jan,10-Feb,"297,088",0," 253,710 ",2620, 0.01 ,1,141000
10,1, Tulsi Gabbard, TulsiGabbard ,3-Feb,27-Jan,10-Feb,"297,089",1," 256,320 ",3020, 0.01 ,1,141000
10,1, Tulsi Gabbard, TulsiGabbard ,3-Feb,27-Jan,10-Feb,"297,090",2," 259,350 ",3620, 0.01 ,1,141000
10,1, Tulsi Gabbard, TulsiGabbard ,3-Feb,27-Jan,10-Feb,"297,091",3," 262,960 ",2970, 0.01 ,1,141000
10,1, Tulsi Gabbard, TulsiGabbard ,3-Feb,27-Jan,10-Feb,"297,092",4," 265,930 "," 2,970 ", 0.01 ,1,141000
10,1, Tulsi Gabbard, TulsiGabbard ,3-Feb,27-Jan,10-Feb,"297,093",5," 267,975 "," 2,045 ", 0.01 ,1,141000
10,1, Tulsi Gabbard, TulsiGabbard ,3-Feb,27-Jan,10-Feb,"297,094",6," 270,020 "," 2,045 ", 0.01 ,1,141000
12,1, Tulsi Gabbard, TulsiGabbard ,3-Feb,27-Jan,10-Feb,"297,095",7," 270,020 ",4120, 0.02 ,1,141000
12,1, Pete Buttigieg, PeteButtigieg ,23-Jan,16-Jan,30-Jan,"159,078",-7," 82,500 ",48,,1,110000
12,1, Pete Buttigieg, PeteButtigieg ,23-Jan,16-Jan,30-Jan,"159,079",-6," 82,530 ",32, 0.00 ,1,110000
12,1, Pete Buttigieg, PeteButtigieg ,23-Jan,16-Jan,30-Jan,"159,080",-5," 82,540 ",10, 0.00 ,1,110000
12,1, Pete Buttigieg, PeteButtigieg ,23-Jan,16-Jan,30-Jan,"159,081",-4," 82,670 ",131, 0.00 ,1,110000
12,1, Pete Buttigieg, PeteButtigieg ,23-Jan,16-Jan,30-Jan,"159,082",-3," 82,990 ",319, 0.00 ,1,110000
12,1, Pete Buttigieg, PeteButtigieg ,23-Jan,16-Jan,30-Jan,"159,083",-2," 83,440 ",444, 0.01 ,1,110000
12,1, Pete Buttigieg, PeteButtigieg ,23-Jan,16-Jan,30-Jan,"159,084",-1," 83,590 ",150, 0.00 ,1,110000
12,1, Pete Buttigieg, PeteButtigieg ,23-Jan,16-Jan,30-Jan,"159,085",0," 84,610 ",1030, 0.01 ,1,110000
12,1, Pete Buttigieg, PeteButtigieg ,23-Jan,16-Jan,30-Jan,"159,086",1," 99,580 ",14970, 0.18 ,1,110000
12,1, Pete Buttigieg, PeteButtigieg ,23-Jan,16-Jan,30-Jan,"159,087",2," 102,990 ",3410, 0.03 ,1,110000
12,1, Pete Buttigieg, PeteButtigieg ,23-Jan,16-Jan,30-Jan,"159,088",3," 104,220 ",1230, 0.01 ,1,110000
12,1, Pete Buttigieg, PeteButtigieg ,23-Jan,16-Jan,30-Jan,"159,089",4," 104,780 ",562, 0.01 ,1,110000
12,1, Pete Buttigieg, PeteButtigieg ,23-Jan,16-Jan,30-Jan,"159,090",5," 105,670 ",884, 0.01 ,1,110000
12,1, Pete Buttigieg, PeteButtigieg ,23-Jan,16-Jan,30-Jan,"159,091",6," 106,270 ",599, 0.01 ,1,110000
13,1, Pete Buttigieg, PeteButtigieg ,23-Jan,16-Jan,30-Jan,"159,092",7," 106,710 ",448, 0.00 ,1,110000
13,1, Andrew Yang, AndrewYangVFA ,11/6/2018,30-Oct,13-Nov,"111,379",-7," 23,110 ",10,,1,69300
13,1, Andrew Yang, AndrewYangVFA ,11/6/2018,30-Oct,13-Nov,"111,380",-6," 23,120 ",10, 0.00 ,1,69300
13,1, Andrew Yang, AndrewYangVFA ,11/6/2018,30-Oct,13-Nov,"111,381",-5," 23,140 ",43, 0.00 ,1,69300
13,1, Andrew Yang, AndrewYangVFA ,11/6/2018,30-Oct,13-Nov,"111,382",-4," 23,150 ",-4, (0.00),1,69300
13,1, Andrew Yang, AndrewYangVFA ,11/6/2018,30-Oct,13-Nov,"111,383",-3," 23,150 ",27, 0.00 ,1,69300
13,1, Andrew Yang, AndrewYangVFA ,11/6/2018,30-Oct,13-Nov,"111,384",-2," 23,170 ",45, 0.00 ,1,69300
13,1, Andrew Yang, AndrewYangVFA ,11/6/2018,30-Oct,13-Nov,"111,385",-1," 23,220 ",219, 0.01 ,1,69300
13,1, Andrew Yang, AndrewYangVFA ,11/6/2018,30-Oct,13-Nov,"111,386",0," 23,440 ",219, 0.01 ,1,69300
13,1, Andrew Yang, AndrewYangVFA ,11/6/2018,30-Oct,13-Nov,"111,387",1," 23,760 ",319, 0.01 ,1,69300
13,1, Andrew Yang, AndrewYangVFA ,11/6/2018,30-Oct,13-Nov,"111,388",2," 23,940 ",182, 0.01 ,1,69300
13,1, Andrew Yang, AndrewYangVFA ,11/6/2018,30-Oct,13-Nov,"111,389",3," 24,140 ",199, 0.01 ,1,69300
13,1, Andrew Yang, AndrewYangVFA ,11/6/2018,30-Oct,13-Nov,"111,390",4," 24,370 ", 230 , 0.01 ,1,69300
13,1, Andrew Yang, AndrewYangVFA ,11/6/2018,30-Oct,13-Nov,"111,391",5," 24,600 ",463, 0.02 ,1,69300
13,1, Andrew Yang, AndrewYangVFA ,11/6/2018,30-Oct,13-Nov,"111,392",6," 24,700 ",94, 0.00 ,1,69300
13,1, Andrew Yang, AndrewYangVFA ,11/6/2018,30-Oct,13-Nov,"111,393",7," 24,780 ",85, 0.00 ,1,69300
